10072,H&B MEGA VITAMIN TEENS,6.31925,6.594,0.3,300
10102,H&B ORGANIC FLAXSEED OIL1000MG,10.34425,10.794,0.3,300
10151,H&B TRIPLE OMEGA 3-6-9 1200MG,8.61925,8.994,0.3,300
10156,H&B TRIPLE OMEGA 3-6-9 1200MG,14.36925,14.994,0.3,300
10179,H&B REGUCOL,10.51675,10.974,0.3,300
10180,H&B REGUCOL,6.03175,6.294,0.3,300
10190,H&B IRON AND VIT C,1.46625,1.53,0.3,300
10210,N/H FAT METABOLISERS,3.82375,3.99,0.3,300
10212,N/H FAT METABOLISER 2,7.41175,7.734,0.3,300
10260,H&B COLD MILLED FLAX SEEDS,6.31925,6.594,0.3,300
10332,H&B ZYGEST ENZYME FORMULA,6.58375,6.87,0.3,300
1056,GNN ARTICHOKE EXTRACT 350MG,8.65375,9.03,0.3,300
10830,WELLTEEN,6.83445,7.1316,0.3,300
10831,WELLTEEN PLUS,11.10095,11.5836,0.3,300
10834,WELLKID BABY DROPS,4.38725,4.578,0.3,300
10835,WELLKID OMEGA-3 SOFT BURST,6.59295,6.8796,0.3,300
10836,NAT GARDEN MILK THISTLE,5.74425,5.994,0.3,300
10842,H&B 5HTP VEG CAP,11.49425,11.994,0.3,300
10985,H&B DEVILS CLAW GEL,4.19175,4.374,0.3,300
11032,H&B XTRALEAN,18.14125,18.93,0.3,300
1110,H&B POTASSIUM 99MG,3.19125,3.33,0.3,300
11168,H&B IRON AND VITAMIN C,4.34125,4.53,0.3,300
11192,WELLMAN BOOST,3.98475,4.158,0.3,300
11196,H&B GRN COFFEE & RSPBRY KTONES,11.49425,11.994,0.3,300
112,H&B BREATH CHECK SOFTGELS,3.38675,3.534,0.3,300
11262,H&B CHEW VIT C 500MG + RHIPS,2.75425,2.874,0.3,300
1130,H&B PAPAYA TABLETS,3.44425,3.594,0.3,300
1140,H&B VITAMIN D3 10UG,2.04125,2.13,0.3,300
1143,H&B VITAMIN D3 10UG,4.59425,4.794,0.3,300
1150,H&B COD LIVER OIL 410MG,2.58175,2.694,0.3,300
1153,H&B COD LIVER OIL 410MG,7.46925,7.794,0.3,300
1159,H&B COD LIVER OIL 410MG,1.71925,1.794,0.3,300
1160,H&B B-6 50MG,2.29425,2.394,0.3,300
1170,H&B VITAMIN B12 100UG,4.01925,4.194,0.3,300
11802,H&B ALOE VERA JUICE,4.74375,4.95,0.3,300
11803,H&B ALOE VERA JUICE,6.64125,6.93,0.3,300
11806,H&B ALOE VERA JUICE CRANBERRY,5.16925,5.394,0.3,300
11807,H&B ALOE VERA JUICE CRANBERRY,7.90625,8.25,0.3,300
11810,H&B ALOE VERA GEL TUBE,4.01925,4.194,0.3,300
11928,H&B RASPBERRY KETONES 250MG,10.34425,10.794,0.3,300
11929,H&B RASPBERRY KETONES 500MG,17.24425,17.994,0.3,300
12,H&B GRAPESEED EXTRACT 50MG,7.92925,8.274,0.3,300
12087,WELLWOMAN BOOST X10,3.98475,4.158,0.3,300
12089,PERFECTIL MAX X84,18.47475,19.278,0.3,300
1210,H&B KLB-6,3.73175,3.894,0.3,300
1212,H&B KLB-6,6.54925,6.834,0.3,300
12160,H&B SELENIUM WITH A,C&E,4.42175,4.614,0.3,300
12164,H&B EPO 1000MG VEGGIE CAPS,7.46925,7.794,0.3,300
12169,H&B EPO 500MG VEGGIE CAPS,5.16925,5.394,0.3,300
12170,H&B SELENIUM PLUS ZINC,4.42175,4.614,0.3,300
1220,H&B BETA-CAROTENE 15MG,9.76925,10.194,0.3,300
12331,GNN BLUEBERRY EXTRACT 60MG,5.16925,5.394,0.3,300
12376,H&B O/C GARLIC VEGGIE CAP 500M,7.46925,7.794,0.3,300
1240,H&B ULTRA KLB-6,4.39875,4.59,0.3,300
1246,H&B APPLE CIDER VINEGAR DIET,4.57125,4.77,0.3,300
1250,H&B COMPLETE B,3.44425,3.594,0.3,300
1253,H&B COMPLETE B,8.04425,8.394,0.3,300
12650,H&B MAGNESIUM WITH ZINC,3.70875,3.87,0.3,300
12825,H&B CORAL CALCIUM 500MG,5.74425,5.994,0.3,300
12945,H&B HEMP SEED OIL,2.86925,2.994,0.3,300
13175,H&B EYE GUARD LUTIGOLD EXTRA,6.69875,6.99,0.3,300
13256,H&B SUPER GREEN TEA DIET,5.31875,5.55,0.3,300
1330,H&B CHELATED COPPER 2MG,4.13425,4.314,0.3,300
13306,H&B GLUC CHOND & MSM W/3-6-9,10.05675,10.494,0.3,300
13326,H&B OMEGA 3 FISH OIL 1200MG,8.04425,8.394,0.3,300
1340,H&B GUARANA 800MG,4.59425,4.794,0.3,300
13440,H&B HYALURONIC ACID 20MG,5.74425,5.994,0.3,300
1350,H&B CHELATED MANGANESE 5MG,2.98425,3.114,0.3,300
13566,H&B POMEGRANATE 250MG,6.64125,6.93,0.3,300
1370,H&B VITAMIN B12 500UG,4.59425,4.794,0.3,300
13709,OSTEOCARE LIQUID,3.21195,3.3516,0.3,300
13790,PERFECTIL,7.55895,7.8876,0.3,300
13791,H&B TRIPLE CRANBERRY COM,9.28625,9.69,0.3,300
1380,H&B TR VITAMIN B12 1000UG,7.46925,7.794,0.3,300
13986,H&B FIBRE FORCE,6.60675,6.894,0.3,300
14020,GNN CINNAMON 500MG,9.76925,10.194,0.3,300
1403,H&B FOLIC ACID 400MCG,4.59425,4.794,0.3,300
14198,H&B TRIPLE B PLUS,7.46925,7.794,0.3,300
14325,H&B VITAL EYES,3.99625,4.17,0.3,300
1450,H&B FLAXSEED OIL 1000MG,4.28375,4.47,0.3,300
1452,H&B FLAXSEED OIL 1000MG,7.67625,8.01,0.3,300
1480,H&B NIACIN 100MG,2.29425,2.394,0.3,300
14967,H&B BLUEBERRY VISION,11.49425,11.994,0.3,300
15022,PE LIQ L-CARNITINE 500MG LEMON,8.61925,8.994,0.3,300
15135,PE BCAA,8.04425,8.394,0.3,300
15156,PE CREATINE ETHYL ESTER,15.51925,16.194,0.3,300
15167,GNN MARSHMALLOW 405MG,6.31925,6.594,0.3,300
1520,H&B BETA-CAROTENE 6MG,4.01925,4.194,0.3,300
1540,H&B POTENT ACIDOPHILUS,6.89425,7.194,0.3,300
1553,H&B SILICA COMPLEX,7.10125,7.41,0.3,300
15586,H&B L-CARNITINE & ALPHA LIPOIC,13.59875,14.19,0.3,300
15592,H&B CO-Q10 100MG,10.89625,11.37,0.3,300
15602,H&B SILICA COMPLEX,12.81675,13.374,0.3,300
15605,H&B VITAMIN D3 25UG,4.59425,4.794,0.3,300
1561,H&B RUTIN 500MG,10.3431,10.7928,0.3,300
15691,H&B BLACK CHERRY EXT 1000MG,7.00925,7.314,0.3,300
15847,H&B CHA-DE-BUGRE 500MG,8.04425,8.394,0.3,300
15904,PE L-CARNITINE LIQUID 1500MG,12.06925,12.594,0.3,300
16105,H&B HIGH CONC FISH OIL 1360MG,14.40375,15.03,0.3,300
16154,H&B CALCIUM,MAGNESIUM + VIT D,5.16925,5.394,0.3,300
1642,GNN SAW PALMETTO COMPLEX,6.31925,6.594,0.3,300
16650,H&B ROSE HIP 750MG 120'S,11.26425,11.754,0.3,300
16651,H&B ROSE HIP 750MG,20.11925,20.994,0.3,300
1670,H&B B-1 100MG,2.00675,2.094,0.3,300
1677,PE L-CARNITINE 500MG 30 CAPS,7.44625,7.77,0.3,300
1682,H&B L-CARNITINE 500MG TABLETS,7.44625,7.77,0.3,300
1684,H&B L-CARNITINE 500MG,13.50675,14.094,0.3,300
1696,H&B VITAMIN B12 25UG,2.00675,2.094,0.3,300
16962,H&B ESTER C 500MG NON-ACIDIC,12.41425,12.954,0.3,300
17352,H&B GLUC/CHON & ROSE HIPS,10.91925,11.394,0.3,300
17505,GNN GREEN TEA EXTRACT 750MG,11.49425,11.994,0.3,300
17720,H&B RESVERATROL 50MG,9.51625,9.93,0.3,300
17875,H&B VITAMIN K2 50UG,7.46925,7.794,0.3,300
1796,H&B HERBAL IRON LIQUID,5.74425,5.994,0.3,300
180,H&B L-TYROSINE 500MG,2.84625,2.97,0.3,300
1820,H&B VIT C 250MG,1.71925,1.794,0.3,300
1841,GNN CATS CLAW 300MG,4.91625,5.13,0.3,300
18520,H&B TRIPLE OMEGA 3-6-9 1000MG,12.06925,12.594,0.3,300
18522,H&B TRIPLE OMEGA 3-6-9 1000MG,6.89425,7.194,0.3,300
1853,H&B CO-Q10 120MG,12.39125,12.93,0.3,300
1894,PE L-CARNITINE 500MG 60TABS,13.50675,14.094,0.3,300
190,H&B B COMPLEX & B12,2.29425,2.394,0.3,300
19000,PE L-ARGININE 500MG 50CAPS,4.01925,4.194,0.3,300
19175,H&B ACAI 500MG,9.07925,9.474,0.3,300
193,H&B B COMPLEX & B12,4.59425,4.794,0.3,300
19405,H&B OMEGA 3 1200MG PLUS D3,7.46925,7.794,0.3,300
2000,H&B ZINC GLUCONATE 25MG,4.76675,4.974,0.3,300
2003,H&B ZINC GLUCONATE 25MG,10.72375,11.19,0.3,300
2041,H&B C-JOINTIN,11.49425,11.994,0.3,300
2091,H&B CO-Q10 200MG,18.71625,19.53,0.3,300
2100,H&B VITAMINS FOR THE HAIR,4.59425,4.794,0.3,300
21023,PE MIXMASTER SHAKER CUP,2.86925,2.994,0.3,300
2104,H&B VITAMINS FOR THE HAIR,8.38925,8.754,0.3,300
211,H&B N-ACETYL CYSTEINE 600MG,4.70925,4.914,0.3,300
2110,H&B LYCOPENE 10MG,6.64125,6.93,0.3,300
2120,H&B SELENIUM 50MCG,2.29425,2.394,0.3,300
21855,H&B HORNY GOAT WEED FOR WOMEN,12.06925,12.594,0.3,300
21865,EUCALYPTUS P ESS OIL,5.16925,5.394,0.3,300
21891,LAVENDER P ESS OIL 30ML,6.31925,6.594,0.3,300
2190,H&B WOMENS EXCLUSIVE FORMULA,5.49125,5.73,0.3,300
21916,H&B VEG GLUCOSAMINE 1500MG,8.82625,9.21,0.3,300
2200,GNN GOTU KOLA 250MG,4.01925,4.194,0.3,300
221,H&B PUMPKIN SEED OIL 1000MG,8.61925,8.994,0.3,300
22245,GINKGO BILOBA 500MG,5.11175,5.334,0.3,300
2270,H&B BREWERS YEAST POWDER,5.43375,5.67,0.3,300
2286,H&B MSM POWDER,9.76925,10.194,0.3,300
2313,H&B RADIANCE,3.61675,3.774,0.3,300
2315,H&B RADIANCE,6.20425,6.474,0.3,300
23750,WELLMAN CAPSULES,6.67345,6.9636,0.3,300
2391,PE HI PERFORMANCE CREATINE FP,15.86425,16.554,0.3,300
2392,PE HI PERFORMANCE CREATINE GRP,15.86425,16.554,0.3,300
2430,H&B TR VITAMIN C 500MG TABS,3.44425,3.594,0.3,300
2433,H&B TR VITAMIN C 500MG TABS,7.27375,7.59,0.3,300
2470,H&B VITAMIN A CAPS 8000 IU,2.86925,2.994,0.3,300
2650,H&B MEGA LECITHIN 1325MG,5.26125,5.49,0.3,300
2672,H&B ALOE VERA GEL TUBE,2.29425,2.394,0.3,300
2682,GNN ALOE VERA GEL 5000MG,5.16925,5.394,0.3,300
2683,GNN ALOE VERA GEL 5000MGT,9.19425,9.594,0.3,300
27378,H&B ACAI 1500MG,17.24425,17.994,0.3,300
2760,H&B BIOTIN 300UG,3.44425,3.594,0.3,300
27634,H&B ACAI 1500MG WITH GREEN TEA,14.36925,14.994,0.3,300
27810,H&B G/SAMINE,CHONDROITIN,MSM,10.66625,11.13,0.3,300
27980,H&B XS RESVERATROL 250MG,14.36925,14.994,0.3,300
2800,H&B TR VIT C 1500MG TABS,3.07625,3.21,0.3,300
2802,H&B TR VIT C 1500MG TABS,9.11375,9.51,0.3,300
2843,H&B FOLIC ACID 800MCG,6.89425,7.194,0.3,300
2871,H&B B-COMPLEX SUBLINGUAL LIQUI,4.59425,4.794,0.3,300
2900,H&B VITAMIN E 1000IU,25.29425,26.394,0.3,300
29066,SWEET ORANGE P ESS OIL,2.86925,2.994,0.3,300
29067,CINNAMON P ESS OIL,2.86925,2.994,0.3,300
29068,SPEARMINT P ESS OIL,2.86925,2.994,0.3,300
29070,LIME P ESS OIL,3.15675,3.294,0.3,300
29071,GRAPEFRUIT P ESS OIL,2.86925,2.994,0.3,300
291,GNN SAW PALMETTO CONC 320MG,7.04375,7.35,0.3,300
29162,H&B ACAI DAILY CLEANSE,11.49425,11.994,0.3,300
2931,H&B RADIANCE + IRON,2.29425,2.394,0.3,300
2935,H&B RADIANCE + IRON,6.92875,7.23,0.3,300
2941,H&B APPLE CIDER VINEGAR 300MG,4.88175,5.094,0.3,300
2942,H&B APPLE CIDER VINEGAR 300MG,8.44675,8.814,0.3,300
29621,H&B OLIVE OIL 1000MG,5.16925,5.394,0.3,300
30,GNN WILD YAM 405MG,4.47925,4.674,0.3,300
301,H&B SOYA LECITHIN ULTRA 1200MG,2.63925,2.754,0.3,300
3040,H&B L-GLUTAMINE 500MG,4.76675,4.974,0.3,300
30409,H&B CHERRY EFFECT,7.75675,8.094,0.3,300
3042,PE L-GLUTAMINE 500MG 100,8.61925,8.994,0.3,300
3060,H&B L-LYSINE 500MG,4.13425,4.314,0.3,300
30664,H&B ACIDOPHILUS PLUS NON DAIRY,9.19425,9.594,0.3,300
310,H&B DOLOMITE 600MG,2.86925,2.994,0.3,300
3110,H&B MANCHURIAN GINSENG 500MG,4.30675,4.494,0.3,300
3112,H&B ULTRA GINSENG 500MG,5.74425,5.994,0.3,300
31292,GINGER ESSENTIAL OIL,3.44425,3.594,0.3,300
31293,OREGANO ESSENTIAL OIL,4.01925,4.194,0.3,300
31294,SANDALWOOD ESS OIL BLENDED,2.86925,2.994,0.3,300
31298,VANILLA ESS OIL BLENDED,3.44425,3.594,0.3,300
3131,GNN GREEN TEA EXTRACT 315MG,5.45675,5.694,0.3,300
3132,GNN GREEN TEA EXTRACT 315MG,9.76925,10.194,0.3,300
31336,ANISE STAR ESS OIL,2.29425,2.394,0.3,300
31344,SENSUALITY MASSAGE OIL,4.59425,4.794,0.3,300
31397,AVOCADO BASE OIL 100ML,3.90425,4.074,0.3,300
31469,ENERGY MASSAGE OIL,4.59425,4.794,0.3,300
31519,H&B CHOLESTAGUARD,6.89425,7.194,0.3,300
31525,H&B GARLIC 3000MG,9.76925,10.194,0.3,300
3160,H&B VITAMIN C POWDER,3.84675,4.014,0.3,300
31614,H&B ULTRA PROBIOTICACIDOPHILUS,10.05675,10.494,0.3,300
3162,H&B VITAMIN C POWDER,10.91925,11.394,0.3,300
31640,H&B MYOLEPTIN CLA 1500MG,14.36925,14.994,0.3,300
3171,H&B SIBERIAN GINSENG 500MG,8.65375,9.03,0.3,300
3201,H&B SELENIUM 200MCG,4.39875,4.59,0.3,300
3204,H&B SELENIUM 200MCG 2,9.91875,10.35,0.3,300
3220,H&B GTF CHROMIUM 200MCG,2.90375,3.03,0.3,300
32235,H&B GLUCOSAMINE 1000MG,24.71925,25.794,0.3,300
3231,H&B EPO 1300MG,8.04425,8.394,0.3,300
3233,H&B EPO 1300MG,14.36925,14.994,0.3,300
3241,H&B PSYLLIUM HUSK 500MG,6.92875,7.23,0.3,300
3281,H&B SPIRULINA 500MG,3.96175,4.134,0.3,300
3283,H&B SPIRULINA 500MG,11.78175,12.294,0.3,300
3290,GNN CAYENNE 450MG,4.01925,4.194,0.3,300
33306,HB TRAVEL PROBIOTICS 10 BIL,7.46925,7.794,0.3,300
33324,HB ACIDOPHILUS PLUS NON DAIRY,5.16925,5.394,0.3,300
33325,HB CHEWABLE ACIDOPHILUS STRAW,4.59425,4.794,0.3,300
33326,HB POTENT ACIDOPHILUS,5.16925,5.394,0.3,300
3370,GNN LIQUORICE ROOT 420MG,6.31925,6.594,0.3,300
3430,GNN EYEBRIGHT 470MG,4.93925,5.154,0.3,300
3451,GNN BILBERRY 375MG,8.04425,8.394,0.3,300
34628,H&B RED KRILL 1000MG,17.24425,17.994,0.3,300
34670,H&B GARCINIA CAMOGIA,11.49425,11.994,0.3,300
34740,H&B BEETROOT 900MG,7.00925,7.314,0.3,300
3481,H&B EYE GUARD LUTEIN 6MG,6.23875,6.51,0.3,300
3531,H&B SAW PALMETTO 450MG,7.46925,7.794,0.3,300
3533,H&B SAW PALMETTO 450MG,13.44925,14.034,0.3,300
35627,PE BETA ALANINE 800MG,10.66625,11.13,0.3,300
3571,GNN ASTRAGALUS 470MG,8.61925,8.994,0.3,300
35714,H&B XS OMEGA 3 FISH OIL 1500MG,8.61925,8.994,0.3,300
35733,H&B AFRICAN MANGO 1200MG,5.74425,5.994,0.3,300
35859,H&B GARLIC OIL 2000MG WITH AL,5.16925,5.394,0.3,300
35867,H&B GARLIC OIL 4000MG WITH AL,17.24425,17.994,0.3,300
35876,H&B GARLIC 300MG,4.01925,4.194,0.3,300
35898,H&B GARLIC 500MG,5.74425,5.994,0.3,300
35900,H&B GARLIC 1000MG,4.59425,4.794,0.3,300
35902,H&B GARLIC 1000MG VEG WITH AL,7.46925,7.794,0.3,300
35903,H&B GARLIC 1000MG CTD WITH AL,6.31925,6.594,0.3,300
3592,H&B CHINESE CHLORELLA 500MG,6.06625,6.33,0.3,300
35997,H&B GARCINIA & GREEN COFFEE,14.36925,14.994,0.3,300
35998,H&B GARCINIA & GREEN COFFEE,22.99425,23.994,0.3,300
3617,H&B CHEW ACIDOPHILUS BLUEBERRY,6.31925,6.594,0.3,300
3630,H&B EPO 500MG,2.29425,2.394,0.3,300
3632,H&B EPO 500MG,6.89425,7.194,0.3,300
3680,H&B CHARCOAL CAPS 260MG,3.15675,3.294,0.3,300
3832,H&B OMEGA 3 FISH OIL 1000MG,6.03175,6.294,0.3,300
3835,H&B OMEGA 3 FISH OIL 1000MG,11.49425,11.994,0.3,300
39102,H&B MACA 500MG,6.03175,6.294,0.3,300
3941,PE L-ARG L-ORN L-LYSINE,9.76925,10.194,0.3,300
4050,H&B DL-PHENYLALANINE 500MG,4.70925,4.914,0.3,300
4070,H&B TR VITAMIN C 1000MG TABS,4.16875,4.35,0.3,300
4072,H&B TR VITAMIN C 1000MG TABS,7.29675,7.614,0.3,300
4073,H&B TR VITAMIN C 1000MG TABS,13.10425,13.674,0.3,300
4081,H&B CAL MAG,2.29425,2.394,0.3,300
4082,H&B CAL MAG,3.44425,3.594,0.3,300
4112,PE AMINO 1000,4.59425,4.794,0.3,300
4114,PE AMINO 1000,8.04425,8.394,0.3,300
41363,H&B HYDROLYSED EGG MEMBRANE,11.49425,11.994,0.3,300
4150,H&B ANTIOXIDANT FORMULA,5.74425,5.994,0.3,300
41631,H&B MS GLUC & CHOND,13.21925,13.794,0.3,300
4165,H&B GLUCOSAMINE 1000MG,4.59425,4.794,0.3,300
4171,H&B GLUCOSAMINE SULPHATE1000MG,8.04425,8.394,0.3,300
4173,H&B GLUCOSAMINE SULPHATE1000MG,14.36925,14.994,0.3,300
4230,H&B CALCIUM 600 + D,1.71925,1.794,0.3,300
4233,H&B CALCIUM 600 + D,6.31925,6.594,0.3,300
4261,H&B ZINC PICOLINATE 25MG,4.70925,4.914,0.3,300
42717,H&B GARLIC 300MG,5.74425,5.994,0.3,300
42718,H&B GARLIC 300MG,7.18175,7.494,0.3,300
42719,H&B GARLIC 500MG,9.76925,10.194,0.3,300
42720,H&B GARLIC 1000MG,8.61925,8.994,0.3,300
42721,H&B ODOURLESS GARLIC 500MG,9.76925,10.194,0.3,300
42723,H&B GARLIC 1000MG CTD WITH AL,14.36925,14.994,0.3,300
42732,H&B GARLIC 1000MG VEG WITH AL,14.36925,14.994,0.3,300
4290,H&B CALCIUM/MAGNESIUM/ZINC,4.59425,4.794,0.3,300
4293,H&B CALCIUM/MAGNESIUM/ZINC,10.91925,11.394,0.3,300
430,H&B VIT C 500MG TABLETS,2.44375,2.55,0.3,300
433,H&B VIT C 500MG,5.49125,5.73,0.3,300
435,H&B VIT C 500MG TABS,9.68875,10.11,0.3,300
4360,H&B CRANBERRY CAPS,5.16925,5.394,0.3,300
4361,H&B CRANBERRY CAPS,2.86925,2.994,0.3,300
4363,H&B CRANBERRY CAPS,11.52875,12.03,0.3,300
4371,H&B ROYAL JELLY 100MG,5.34175,5.574,0.3,300
4440,H&B CHEWABLE CALCIUM 500MG,3.73175,3.894,0.3,300
4461,H&B SALMON OIL 1000MG,8.61925,8.994,0.3,300
4475,GNN GINKGO LEAF 250MG,3.30625,3.45,0.3,300
4477,GNN GINKGO LEAF 250MG,6.60675,6.894,0.3,300
4540,GNN HAWTHORN 150MG STD,8.73425,9.114,0.3,300
4544,H&B GINKGO 120MG STAND,21.24625,22.17,0.3,300
4545,H&B GINKGO 120MG,7.10125,7.41,0.3,300
4596,H&B HYDROLYSED COLLAGEN 1000MG,14.40375,15.03,0.3,300
460,H&B VITAMIN E COMPLEX 400IU,10.34425,10.794,0.3,300
4741,H&B COLON CARE PLUS,8.04425,8.394,0.3,300
4755,H&B HERBAL EYE VITES,6.31925,6.594,0.3,300
4781,H&B LIQUID GLUCOSAMINE COMPLEX,9.76925,10.194,0.3,300
4900,H&B EYE GUARD LUTEIN 20MG,5.49125,5.73,0.3,300
4911,H&B UNIQUE GARLIC 1250MG,8.61925,8.994,0.3,300
4913,H&B UNIQUE GARLIC 1250MG,14.36925,14.994,0.3,300
4945,H&B CHITOSAN 500MG,11.09175,11.574,0.3,300
4950,H&B GREEN LIPPED MUSSEL 250MG,5.97425,6.234,0.3,300
4961,H&B HI STR CHOND/GLUC COMPLEX,7.46925,7.794,0.3,300
4962,H&B HI STR CHOND/GLUC COMPLEX,13.21925,13.794,0.3,300
4963,H&B HI STR CHOND/GLUC COMPLEX,22.41925,23.394,0.3,300
4970,H&B TR B-50 B COMPLEX,4.01925,4.194,0.3,300
5,H&B SOYA ISOFLAVONES,14.48425,15.114,0.3,300
5010,H&B OIL OF PEPPERMINT XS 200MG,3.70875,3.87,0.3,300
5012,H&B OIL OF PEPPERMINT XS 200MG,6.72175,7.014,0.3,300
5015,H&B MSM 750MG,5.16925,5.394,0.3,300
5021,H&B KOREAN GINSENG 500MG,8.61925,8.994,0.3,300
5022,H&B KOREAN GINSENG 500MG,15.51925,16.194,0.3,300
5041,H&B OIL OF PEPPERMINT 17.2MG,3.44425,3.594,0.3,300
5091,PE AMINO 1500,9.19425,9.594,0.3,300
5101,GNN ALOE VERA 470MG,4.59425,4.794,0.3,300
5105,H&B JAPANESE OIL OF PEPPERMINT,2.81175,2.934,0.3,300
5111,H&B GLUCOSAMINE FOR PETS,9.42425,9.834,0.3,300
5121,GNN DAMIANA LEAVES 450MG,6.49175,6.774,0.3,300
5125,GNN SLIPPERY ELM BARK 370MG,5.85925,6.114,0.3,300
5131,GNN RED CLOVER 430MG,9.22875,9.63,0.3,300
5132,GNN RED CLOVER 430MG,16.66925,17.394,0.3,300
5145,GNN GINGER ROOT 550MG,5.05425,5.274,0.3,300
5147,GNN GINGER ROOT 550MG,8.90675,9.294,0.3,300
51507,H&B RASPBERRY KETONES 100MG,5.74425,5.994,0.3,300
5175,H&B TONALIN CLA 1000MG,14.36925,14.994,0.3,300
5193,H&B SPIRULINA POWDER,8.04425,8.394,0.3,300
520,H&B TAURINE 500MG,3.53625,3.69,0.3,300
525,GNN TURMERIC 400MG,5.16925,5.394,0.3,300
5255,H&B TRIBULUS TERRESTRIS 250MG,9.76925,10.194,0.3,300
5270,H&B EPO LIQUID,13.79425,14.394,0.3,300
5315,H&B 5-HTP 50MG,9.13675,9.534,0.3,300
5317,H&B 5-HTP 50MG,16.32425,17.034,0.3,300
533,H&B TR B COMPLEX WITH C,9.76925,10.194,0.3,300
5365,GNN SAGE LEAF 285MG,8.61925,8.994,0.3,300
5367,GNN SAGE LEAF  285MG,15.51925,16.194,0.3,300
5395,H&B IRON 15MG WITH VITAMINS,4.34125,4.53,0.3,300
5396,H&B IRON 15MG WITH VITAMINS,7.81425,8.154,0.3,300
540,H&B VITAMIN E 400IU,10.11425,10.554,0.3,300
5425,H&B EPO & STARFLOWER 1000MG,10.91925,11.394,0.3,300
5427,H&B EPO & STARFLOWER 1000MG,17.24425,17.994,0.3,300
543,H&B VITAMIN E 400IU,22.70675,23.694,0.3,300
5430,H&B GRAPESEED EXTRACT 100MG,6.98625,7.29,0.3,300
5433,H&B EFFERVESCENT VIT C & ZINC,1.89175,1.974,0.3,300
550,H&B VITAMIN E COMPLEX 1000IU,23.31625,24.33,0.3,300
5580,H&B SUPER CHELATED M/MINERAL,4.70925,4.914,0.3,300
5631,H&B GINKGO BILOBA 30MG,2.81175,2.934,0.3,300
5640,H&B GINKGO BILOBA 30MG,5.03125,5.25,0.3,300
5642,H&B GINKGO BILOBA 30MG,8.88375,9.27,0.3,300
5647,H&B GINKGO BILOBA 30MG,15.51925,16.194,0.3,300
5657,H&B LYSINE OINTMENT,2.40925,2.514,0.3,300
5711,H&B ZINC GLUCONATE 15MG,2.90375,3.03,0.3,300
5713,H&B ZINC GLUCONATE 15MG,6.46875,6.75,0.3,300
5721,H&B CHEWABLE ACIDOPHILUS STRAW,6.31925,6.594,0.3,300
5750,H&B SUPER GUARANA 1200MG,6.66425,6.954,0.3,300
5755,H&B H.C ECHINACEA COLD RELIEF,7.46925,7.794,0.3,300
5761,MENOPACE,5.03125,5.25,0.3,300
5790,H&B ZINC 15MG WITH COPPER,2.90375,3.03,0.3,300
5791,H&B ZINC 15MG WITH COPPER,5.20375,5.43,0.3,300
580,H&B B-50 B COMPLEX,2.86925,2.994,0.3,300
5803,PREGNACARE CAPSULES,4.17795,4.3596,0.3,300
5810,H&B CO-Q10 75MG,9.28625,9.69,0.3,300
5820,H&B BORON 3MG,3.59375,3.75,0.3,300
583,H&B B-50 B COMPLEX,5.16925,5.394,0.3,300
5830,H&B MAGNESIUM 250MG,5.74425,5.994,0.3,300
5832,H&B MAGNESIUM 250MG,10.51675,10.974,0.3,300
5891,H&B BLISTER ALOE VERA TABLETS,4.36425,4.554,0.3,300
5893,H&B BLISTER ALOE VERA TABS,7.46925,7.794,0.3,300
6006,H&B ALPHA LIPOIC ACID 100MG,8.04425,8.394,0.3,300
60103,SWEET ALMOND BASE OIL 100ML,1.94925,2.034,0.3,300
60104,SWEET ALMOND BASE OIL 200ML,3.38675,3.534,0.3,300
60105,H&B AROMATHERAPY MIXING BOTTLE,1.43175,1.494,0.3,300
6011,H&B L-LYSINE 1000MG,4.45625,4.65,0.3,300
60112,GRAPESEED BASE OIL 100ML,1.83425,1.914,0.3,300
60116,LAVENDER P ESS OIL,4.70925,4.914,0.3,300
60119,CITRONELLA P ESS OIL,2.86925,2.994,0.3,300
6012,H&B L-LYSINE 1000MG,7.96375,8.31,0.3,300
60120,BLACK PEPPER P ESS OIL,4.59425,4.794,0.3,300
60124,ROSEMARY P ESS OIL,2.98425,3.114,0.3,300
60133,MARJORAM P ESS OIL,4.01925,4.194,0.3,300
60136,CHAMOMILE ESS OIL BLENDED,4.01925,4.194,0.3,300
60139,PEPPERMINT P ESS OIL,2.86925,2.994,0.3,300
60145,LEMONGRASS P ESS OIL,2.86925,2.994,0.3,300
60148,JASMINE ESS OIL BLENDED,5.28425,5.514,0.3,300
60151,BERGAMOT P ESS OIL,3.55925,3.714,0.3,300
60154,ROSE ESS OIL BLENDED,4.30675,4.494,0.3,300
60160,NEROLI ESS OIL BLENDED,4.01925,4.194,0.3,300
60163,CLARY SAGE P ESS OIL,5.28425,5.514,0.3,300
60166,YLANG YLANG P ESS OIL,4.13425,4.314,0.3,300
60172,JUNIPER P ESS OIL,5.74425,5.994,0.3,300
60175,FRANKINCENCE P ESS OIL,7.00925,7.314,0.3,300
60184,CEDARWOOD P ESS OIL,2.86925,2.994,0.3,300
60187,TEA TREE P ESS OIL,2.40925,2.514,0.3,300
60188,TEA TREE P ESS OIL,4.53675,4.734,0.3,300
60193,ORANGE P ESS OIL,2.86925,2.994,0.3,300
6020,GNN FENUGREEK 610MG,5.74425,5.994,0.3,300
6060,H&B PANTOTHENIC ACID 500MG TR,5.74425,5.994,0.3,300
6130,H&B GLUCOSAMINE MSM COMPLEX,13.79425,14.394,0.3,300
623,GNN SEA KELP 15MG,3.44425,3.594,0.3,300
625,GNN SEA KELP 15MG,6.20425,6.474,0.3,300
62642,H&B BLUE EASE CREAM,6.46875,6.75,0.3,300
63236,H&B GLUCOSAMINE GEL,3.42125,3.57,0.3,300
6369,ULTRA OMEGA 3 LIQUID,10.69845,11.1636,0.3,300
6373,WELLMAN 70 PLUS,8.04195,8.3916,0.3,300
6374,VITABIOTICS JOINTACE MAGNETS,7.23695,7.5516,0.3,300
6376,VITABIOTICS DEVILS CLAW,9.24945,9.6516,0.3,300
6390,H&B CHROMIUM PICOLINATE 200MCG,4.59425,4.794,0.3,300
6393,H&B CHROMIUM PICOLINATE 200MCG,10.34425,10.794,0.3,300
640,H&B B-2 100MG,3.67425,3.834,0.3,300
6420,H&B FLAXSEED OIL 473ML,8.61925,8.994,0.3,300
6475,H&B ALOE VERA COLON CLEANSE,4.22625,4.41,0.3,300
6477,H&B ALOE VERA COLON CLEANSE,7.21625,7.53,0.3,300
6485,H&B ABS MAGNESIUM 150MG,3.04175,3.174,0.3,300
6495,H&B TAN TABLETS,3.44425,3.594,0.3,300
650,H&B B-6 100MG,4.30675,4.494,0.3,300
653,H&B B-6 100MG,9.19425,9.594,0.3,300
6555,GNN OIL OF OREGANO 15MG,5.16925,5.394,0.3,300
6780,H&B SUPER NAILS,4.24925,4.434,0.3,300
67813,PE L-GLUTAMINE POWDER,21.26925,22.194,0.3,300
690,H&B VIT C 1000MG TABLETS,4.59425,4.794,0.3,300
691,H&B VIT C 1000MG TABLETS,3.07625,3.21,0.3,300
693,H&B VIT C 1000MG TABLETS,10.34425,10.794,0.3,300
69385,OSTEOCARE TABLETS,2.64845,2.7636,0.3,300
695,H&B VIT C 1000MG TABLETS,13.79425,14.394,0.3,300
6990,H&B ESTER C 500MG TABLETS,5.60625,5.85,0.3,300
7,H&B SOYA ISOFLAVONES #T50#,25.86925,26.994,0.3,300
7060,H&B EXTRA STR CHONDROITIN COMP,9.76925,10.194,0.3,300
7062,H&B EXTRA STR CHONDROITIN COMP,17.24425,17.994,0.3,300
7140,H&B ROYAL JELLY 500MG,6.75625,7.05,0.3,300
7236,H&B SELENIUM WITH A,C&E + ZINC,4.59425,4.794,0.3,300
7270,H&B CO-Q10 30MG,5.11175,5.334,0.3,300
7271,H&B CO-Q10 30MG,9.19425,9.594,0.3,300
7273,H&B CO-Q10 30MG,16.66925,17.394,0.3,300
7321,H&B HORNY GOAT WEED & MACA,14.36925,14.994,0.3,300
7340,H&B GREEN LIPPED MUSSEL 500MG,8.33175,8.694,0.3,300
7372,H&B EPO 1000MG,5.74425,5.994,0.3,300
7374,H&B EPO 1000MG,9.36675,9.774,0.3,300
7376,H&B EPO 1000MG,20.11925,20.994,0.3,300
7410,H&B P/APPLE BROMELAIN 500MG,6.89425,7.194,0.3,300
743,H&B BREWER'S YEAST 500MG,2.86925,2.994,0.3,300
750,H&B RUTIN 50MG,2.29425,2.394,0.3,300
7500,H&B MAGNESIUM CITRATE 100MG,3.70875,3.87,0.3,300
75160,LIVEREL TABLETS,14.48195,15.1116,0.3,300
7539,H&B GLUCOSAMINE 300MG,1.71925,1.794,0.3,300
7580,H&B SKIN, HAIR & NAILS FORMULA,5.74425,5.994,0.3,300
7584,H&B SKIN, HAIR & NAILS FORMULA,10.45925,10.914,0.3,300
76074,JOINTACE COLLAGEN TABLETS,12.63045,13.1796,0.3,300
76075,JOINTACE ORIGINAL G&C TABLETS,8.20295,8.5596,0.3,300
76076,OSTEOCARE FIZZ,3.66275,3.822,0.3,300
7640,H&B GINSENG COMPLEX,6.41125,6.69,0.3,300
7642,H&B GINSENG COMPLEX,11.37925,11.874,0.3,300
76466,SAMBUCOL FOR KIDS,6.2031,6.4728,0.3,300
7652,H&B GINKGO BILOBA 60MG,8.88375,9.27,0.3,300
7654,H&B GINKGO BILOBA 60MG,15.38125,16.05,0.3,300
7685,H&B YEAST RAIDERS,10.80425,11.274,0.3,300
770,H&B B-100 B COMPLEX,4.59425,4.794,0.3,300
7710,H&B GLUCOSAMINE SULPHATE 500MG,2.29425,2.394,0.3,300
7711,H&B GLUCOSAMINE SULPHATE 500MG,3.78925,3.954,0.3,300
7712,H&B GLUCOSAMINE SULPHATE 500MG,8.61925,8.994,0.3,300
7713,H&B GLUCOSAMINE SULPHATE 500MG,13.21925,13.794,0.3,300
772,H&B B-100 B COMPLEX,7.75675,8.094,0.3,300
7730,H&B STARFLOWER OIL 1000MG,8.04425,8.394,0.3,300
7732,H&B STARFLOWER OIL 1000MG,14.36925,14.994,0.3,300
7741,H&B COD LIVER OIL 1000MG,2.86925,2.994,0.3,300
7743,H&B COD LIVER OIL 1000MG,5.45675,5.694,0.3,300
7745,H&B COD LIVER OIL 1000MG,8.3904,8.7552,0.3,300
7814,HERB AUTH SIBERIAN GINSENG LIQ,7.46925,7.794,0.3,300
79031,WHITE CAMPHOR ESS OIL,3.15675,3.294,0.3,300
79044,LEMON\EUCALYPTUS ESS OIL,2.86925,2.994,0.3,300
79047,TANGERINE ESS OIL,2.29425,2.394,0.3,300
79058,H&B ACAI POWDER,13.21925,13.794,0.3,300
7961,H&B BIOTIN 1000UG,8.61925,8.994,0.3,300
7997,H&B SKIN HAIR & NAILS FORMULA,18.39425,19.194,0.3,300
80017,FEROGLOBIN LIQUID,4.38725,4.578,0.3,300
80170,VISIONACE NEW FORMULA,6.15825,6.426,0.3,300
80244,WELLMAN ACTIVE ENERGY DRINK,1.00625,1.05,0.3,300
80493,H&B FLAXSEED OIL 500MG VEGGIE,3.65125,3.81,0.3,300
81128,H&B ORGANIC FLAXSEED OIL1000MG,17.24425,17.994,0.3,300
81282,LEPICOL PLUS,7.75675,8.094,0.3,300
81407,H&B OMEGA RICH OIL,6.14675,6.414,0.3,300
820,H&B BEE POLLEN 500MG,7.67625,8.01,0.3,300
82139,H&B ALOE VERA GEL PUMP,8.61925,8.994,0.3,300
82621,PREGNACARE PLUS OMEGA,12.27625,12.81,0.3,300
82622,WELLWOMEN VITALITY DRINK,1.00625,1.05,0.3,300
82833,H&B CALENDULA CREAM,2.52425,2.634,0.3,300
83258,PREGNACARE BREASTFEEDING,12.87195,13.4316,0.3,300
83260,PERFECTIL PLUS,16.09195,16.7916,0.3,300
83261,JOINTACE PATCH 8'S,7.63945,7.9716,0.3,300
83262,JOINTACE MSM & ROSEHIP,11.26195,11.7516,0.3,300
83263,PREGNACARE CONCEPTION,8.25125,8.61,0.3,300
83265,WELLWOMAN 50+,8.44445,8.8116,0.3,300
83266,WELLMAN 50+,8.60545,8.9796,0.3,300
83268,WELLKID,5.91675,6.174,0.3,300
83270,VISIONACE PLUS,12.87195,13.4316,0.3,300
83271,MENOPACE PLUS,12.83975,13.398,0.3,300
83715,WELLMAN SPORT,8.44445,8.8116,0.3,300
84017,VITABIOTICS CARDIOACE PLUS,13.67695,14.2716,0.3,300
84184,VITABIOTICS IMMUNACE,6.43195,6.7116,0.3,300
85344,VITABIOTICS OSTEOCARE GLC/CND,12.06695,12.5916,0.3,300
85347,VITABIOTICS WELLMAN CONCEPTION,8.84695,9.2316,0.3,300
85523,JOINTACE,9.65195,10.0716,0.3,300
86909,ULTRA OMEGA 3 550MG CAPS,8.49275,8.862,0.3,300
86910,ULTRA 2 IN 1 FISH OIL CAPS,5.91675,6.174,0.3,300
86915,ULTRA 2 IN 1 FISH OIL LIQUID,6.80225,7.098,0.3,300
87458,MENOPACE,12.43725,12.978,0.3,300
88966,WELLWOMEN,5.86845,6.1236,0.3,300
89632,OSTEOCARE TABLETS,7.23695,7.5516,0.3,300
89710,H&B COPPER BRACELET -UNISEX,5.16925,5.394,0.3,300
89914,PREGNACARE,10.69845,11.1636,0.3,300
90,H&B L-ARGININE 500MG,2.55875,2.67,0.3,300
905,PE CREATINE POWDER,5.74425,5.994,0.3,300
906,PE CREATINE 700MG CAPSULES,8.61925,8.994,0.3,300
907,PE CREATINE POWDER,12.64425,13.194,0.3,300
909,PE CREATINE 700MG CAPSULES,14.94425,15.594,0.3,300
94513,FEROGLOBIN LIQUID 500ML,8.49275,8.862,0.3,300
94514,NEUROZAN PLUS,15.28695,15.9516,0.3,300
94515,WELLMAN PROSTACE,13.27445,13.8516,0.3,300
94517,WELLMAN SKIN TECHNOLOGY,15.28695,15.9516,0.3,300
9471,VITABIOTICS VALERIAN TABLETS,8.04195,8.3916,0.3,300
94948,DIABETONE TABLETS,8.84695,9.2316,0.3,300
94949,JOINTACE MAX TRIPLE PACK,21.72695,22.6716,0.3,300
94996,NEUROZAN TABLETS,8.84695,9.2316,0.3,300
97266,H&B THR VALERIAN 337MG,5.74425,5.994,0.3,300
97267,H&B THR VALERIAN 337MG,10.34425,10.794,0.3,300
97268,H&B DEVILS CLAW 427MG,7.46925,7.794,0.3,300
97269,H&B DEVILS CLAW 427MG,13.48375,14.07,0.3,300
97272,H&B ECHINACEA 140MG,4.01925,4.194,0.3,300
97273,H&B ECHINACEA 140MG,7.46925,7.794,0.3,300
97274,H&B ECHINACEA 140MG,10.66625,11.13,0.3,300
97279,H+B ST JOHNS WORT 142MG,6.31925,6.594,0.3,300
97280,H+B ST JOHNS WORT 142MG,11.41375,11.91,0.3,300
97281,H+B ST JOHNS WORT 284MG,12.64425,13.194,0.3,300
97282,H+B ST JOHNS WORT 284MG,22.74125,23.73,0.3,300
97288,H+B BURDOCK 399MG,7.46925,7.794,0.3,300
97289,H&B HORSETAIL 200MG,5.16925,5.394,0.3,300
9866,VITABIOTICS ECHINACEA TABLETS,8.81475,9.198,0.3,300
98895,FEROGLOBIN CAPSULES,4.30675,4.494,0.3,300
98918,WELLWOMAN PLUS OMEGA 369,12.51775,13.062,0.3,300
98920,PREGNACARE HIS&HER CONCEPTION,15.28695,15.9516,0.3,300
99080,H&B MILK THISTLE,9.76925,10.194,0.3,300
99081,H&B MILK THISTLE,16.66925,17.394,0.3,300
99174,FEROGLOBIN PLUS LIQUID,8.04195,8.3916,0.3,300
99175,WELLMAN PLUS OMEGA 369,12.51775,13.062,0.3,300
99176,DIABETONE PLUS OMEGA3,13.51595,14.1036,0.3,300
99178,WELLKID BABY & INFANT LIQUID,5.22445,5.4516,0.3,300
99316,H&B VITAMIN D3 25UG,10.34425,10.794,0.3,300
